{
    "RandomForest": {
        "Accuracy": 0.9954545454545455,
        "Precision": 0.9956709956709956,
        "Recall": 0.9954545454545455,
        "F1-score": 0.9954517027687759
    }
}